{
  "last_check_at": "2026-05-05T00:48:48.266805+00:00",
  "last_low_alert_at": null,
  "last_remaining": 7.814863341000001,
  "total_checks": 3,
  "was_below_threshold": false
}
