{
  "last_check_at": "2026-05-04T22:02:10.456258+00:00",
  "last_low_alert_at": null,
  "last_remaining": 7.860138833000001,
  "total_checks": 2,
  "was_below_threshold": false
}
