{
  "last_check_at": "2026-05-09T00:48:44.709825+00:00",
  "last_low_alert_at": null,
  "last_remaining": 5.082437370999999,
  "total_checks": 19,
  "was_below_threshold": false
}
