{
  "last_check_at": "2026-05-05T06:48:47.331207+00:00",
  "last_low_alert_at": null,
  "last_remaining": 7.677404451999999,
  "total_checks": 4,
  "was_below_threshold": false
}
